,MAE,MSE,RMSE,R2,MAPE,CV_MAE,CV_STD
linear,26.782666666666675,107596.68506666675,328.01933642190477,-0.006711409395973034,0.04337507160978805,1.5522042910257974e-12,3.104408582051595e-12
ridge,26.782666666666675,107596.68506666675,328.01933642190477,-0.006711409395973034,0.04337507160978805,1.4551915228366852e-11,0.0
lasso,26.782666666666675,107596.68506666675,328.01933642190477,-0.006711409395973034,0.04337507160978805,1.4551915228366852e-11,0.0
gbm,26.782666666666675,107596.68506666675,328.01933642190477,-0.006711409395973034,0.04337507160978805,1.4551915228366852e-11,0.0
rf,26.782666666843046,107596.68506665506,328.019336421887,-0.006711409395863788,0.04337507161005608,1.027194016120013e-11,8.728725579481662e-12
